{
    "variants": {
        "": [
            { "model": "block/lily_pad", "weight": 60 },
            { "model": "block/lily_pad", "y": 90, "weight": 60  },
            { "model": "block/lily_pad", "y": 180, "weight": 60  },
            { "model": "block/lily_pad", "y": 270, "weight": 60  },
			{ "model": "block/lily_pad/1", "weight": 20  },
            { "model": "block/lily_pad/1", "y": 90, "weight": 10  },
            { "model": "block/lily_pad/1", "y": 180, "weight": 20  },
            { "model": "block/lily_pad/1", "y": 270, "weight": 10  },
			{ "model": "block/lily_pad/2", "weight": 10  },
            { "model": "block/lily_pad/2", "y": 90, "weight": 20  },
            { "model": "block/lily_pad/2", "y": 180, "weight": 10  },
            { "model": "block/lily_pad/2", "y": 270, "weight": 20  }
        ]
    }
}
