{
	"credit": "Made with Blockbench",
	"parent": "minecraft:block/cross",
	"textures": {
		"1": "block/amethyst_cluster_block",
		"particle": "block/amethyst_cluster_block"
	},
	"elements": [
		{
			"name": "main_crystal",
			"from": [12, 0, 3.5],
			"to": [16, 14, 7.5],
			"rotation": {"angle": -45, "axis": "y", "origin": [8, 8, -0.5]},
			"faces": {
				"north": {"uv": [0, 2, 4, 16], "texture": "#1"},
				"east": {"uv": [0, 2, 4, 16], "texture": "#1"},
				"south": {"uv": [0, 2, 4, 16], "texture": "#1"},
				"west": {"uv": [0, 2, 4, 16], "texture": "#1"},
				"up": {"uv": [7, 12, 11, 16], "rotation": 180, "texture": "#1"},
				"down": {"uv": [7, 12, 11, 16], "rotation": 180, "texture": "#1"}
			}
		},
		{
			"name": "1st_cristal",
			"from": [6.5, -3, 2],
			"to": [9.5, 1, 5],
			"rotation": {"angle": -22.5, "axis": "x", "origin": [2, 5, -3]},
			"faces": {
				"north": {"uv": [4, 6, 7, 10], "texture": "#1"},
				"east": {"uv": [4, 6, 7, 10], "texture": "#1"},
				"south": {"uv": [4, 6, 7, 10], "texture": "#1"},
				"west": {"uv": [4, 6, 7, 10], "texture": "#1"},
				"up": {"uv": [4, 3, 7, 6], "rotation": 180, "texture": "#1"},
				"down": {"uv": [4, 3, 7, 6], "rotation": 180, "texture": "#1"}
			}
		},
		{
			"name": "2st_cristal",
			"from": [2, -3, 6.5],
			"to": [5, 5, 9.5],
			"rotation": {"angle": 22.5, "axis": "z", "origin": [-3, 5, 1]},
			"faces": {
				"north": {"uv": [4, 6, 7, 14], "texture": "#1"},
				"east": {"uv": [4, 6, 7, 14], "texture": "#1"},
				"south": {"uv": [4, 6, 7, 14], "texture": "#1"},
				"west": {"uv": [4, 6, 7, 14], "texture": "#1"},
				"up": {"uv": [4, 3, 7, 6], "rotation": 180, "texture": "#1"},
				"down": {"uv": [4, 3, 7, 6], "rotation": 180, "texture": "#1"}
			}
		},
		{
			"name": "3st_cristal",
			"from": [6.5, 2, 12],
			"to": [9.5, 12, 15],
			"rotation": {"angle": 22.5, "axis": "x", "origin": [1, 10, 7]},
			"faces": {
				"north": {"uv": [4, 6, 7, 16], "texture": "#1"},
				"east": {"uv": [4, 6, 7, 16], "texture": "#1"},
				"south": {"uv": [4, 6, 7, 16], "texture": "#1"},
				"west": {"uv": [4, 6, 7, 16], "texture": "#1"},
				"up": {"uv": [4, 3, 7, 6], "rotation": 180, "texture": "#1"},
				"down": {"uv": [4, 3, 7, 6], "rotation": 180, "texture": "#1"}
			}
		},
		{
			"name": "4th_cristal",
			"from": [12, 2, 6.5],
			"to": [15, 8, 9.5],
			"rotation": {"angle": -22.5, "axis": "z", "origin": [7, 10, 2]},
			"faces": {
				"north": {"uv": [4, 6, 7, 12], "texture": "#1"},
				"east": {"uv": [4, 6, 7, 12], "texture": "#1"},
				"south": {"uv": [4, 6, 7, 12], "texture": "#1"},
				"west": {"uv": [4, 6, 7, 12], "texture": "#1"},
				"up": {"uv": [4, 3, 7, 6], "rotation": 180, "texture": "#1"},
				"down": {"uv": [4, 3, 7, 6], "rotation": 180, "texture": "#1"}
			}
		}
	],
	"groups": [
		{
			"name": "crystal",
			"origin": [8, 8, 16.5],
			"children": [0, 1, 2, 3, 4]
		}
	]
}